{"vertices" : [
[
		-1, 
		0, 
		0
	], 
[
		-0.5, 
		-0.5, 
		-0.7071067811865475
	], 
[
		-0.5, 
		-0.5, 
		0.7071067811865475
	], 
[
		-0.5, 
		0.5, 
		-0.7071067811865475
	], 
[
		-0.5, 
		0.5, 
		0.7071067811865475
	], 
[
		0, 
		-1, 
		0
	], 
[
		0, 
		1, 
		0
	], 
[
		0.5, 
		-0.5, 
		-0.7071067811865475
	], 
[
		0.5, 
		-0.5, 
		0.7071067811865475
	], 
[
		0.5, 
		0.5, 
		-0.7071067811865475
	], 
[
		0.5, 
		0.5, 
		0.7071067811865475
	], 
[
		1, 
		0, 
		0
	]
], 
"faceCenters" : [
[
		0, 
		0, 
		-0.7071067811865475
	], 
[
		0, 
		0, 
		0.7071067811865475
	], 
[
		0.5, 
		-0.5, 
		0
	], 
[
		-0.5, 
		-0.5, 
		0
	], 
[
		-0.5, 
		0.5, 
		0
	], 
[
		0.5, 
		0.5, 
		0
	], 
[
		0.6666666666666666, 
		0, 
		0.4714045207910317
	], 
[
		-0.6666666666666666, 
		0, 
		0.4714045207910317
	], 
[
		0, 
		-0.6666666666666666, 
		0.4714045207910317
	], 
[
		0, 
		0.6666666666666666, 
		0.4714045207910317
	], 
[
		0.6666666666666666, 
		0, 
		-0.4714045207910317
	], 
[
		-0.6666666666666666, 
		0, 
		-0.4714045207910317
	], 
[
		0, 
		-0.6666666666666666, 
		-0.4714045207910317
	], 
[
		0, 
		0.6666666666666666, 
		-0.4714045207910317
	]
], 
"inertiaTensor" : [
[
		0.04, 
		0, 
		0
	], 
[
		0, 
		0.04, 
		0
	], 
[
		0, 
		0, 
		0.04
	]
], 
"mass" : 1, 
"iterations" : 200, 
"stoppingCondition" : 4, 
"gravity" : [
	0, 
	0, 
	-0.5
], 
"groundRestitution" : 0.4, 
"initialPos" : [
	0, 
	0, 
	10
], 
"maxLinearMomentum" : 2, 
"maxAngularMomentum" : 2}