{"vertices" : [
[
		0, 
		-1.618033988749895, 
		0
	], 
[
		0, 
		1.618033988749895, 
		0
	], 
[
		0.2628655560595668, 
		-0.8090169943749475, 
		-1.3763819204711736
	], 
[
		0.2628655560595668, 
		0.8090169943749475, 
		-1.3763819204711736
	], 
[
		0.42532540417601994, 
		-1.3090169943749475, 
		0.85065080835204
	], 
[
		0.42532540417601994, 
		1.3090169943749475, 
		0.85065080835204
	], 
[
		0.6881909602355868, 
		-0.5, 
		1.3763819204711736
	], 
[
		0.6881909602355868, 
		0.5, 
		1.3763819204711736
	], 
[
		1.1135163644116066, 
		-0.8090169943749475, 
		-0.85065080835204
	], 
[
		1.1135163644116066, 
		0.8090169943749475, 
		-0.85065080835204
	], 
[
		-1.3763819204711736, 
		0, 
		-0.85065080835204
	], 
[
		-0.6881909602355868, 
		-0.5, 
		-1.3763819204711736
	], 
[
		-0.6881909602355868, 
		0.5, 
		-1.3763819204711736
	], 
[
		1.3763819204711736, 
		0, 
		0.85065080835204
	], 
[
		0.9510565162951535, 
		-1.3090169943749475, 
		0
	], 
[
		0.9510565162951535, 
		1.3090169943749475, 
		0
	], 
[
		0.85065080835204, 
		0, 
		-1.3763819204711736
	], 
[
		-0.9510565162951535, 
		-1.3090169943749475, 
		0
	], 
[
		-0.9510565162951535, 
		1.3090169943749475, 
		0
	], 
[
		-1.5388417685876268, 
		-0.5, 
		0
	], 
[
		-1.5388417685876268, 
		0.5, 
		0
	], 
[
		1.5388417685876268, 
		-0.5, 
		0
	], 
[
		1.5388417685876268, 
		0.5, 
		0
	], 
[
		-0.85065080835204, 
		0, 
		1.3763819204711736
	], 
[
		-1.1135163644116068, 
		-0.8090169943749475, 
		0.85065080835204
	], 
[
		-1.1135163644116068, 
		0.8090169943749475, 
		0.85065080835204
	], 
[
		-0.42532540417601994, 
		-1.3090169943749475, 
		-0.85065080835204
	], 
[
		-0.42532540417601994, 
		1.3090169943749475, 
		-0.85065080835204
	], 
[
		-0.2628655560595668, 
		-0.8090169943749475, 
		1.3763819204711736
	], 
[
		-0.2628655560595668, 
		0.8090169943749475, 
		1.3763819204711736
	]
], 
"faceCenters" : [
[
		0.0, 
		0.0, 
		1.3763819204711736
	], 
[
		-0.7423442429410712, 
		0.5393446629166316, 
		1.2011382164314623
	], 
[
		-0.7423442429410712, 
		-0.5393446629166316, 
		1.2011382164314623
	], 
[
		0.28355026945068, 
		-0.8726779962499649, 
		1.2011382164314623
	], 
[
		0.9175879469807824, 
		0, 
		1.2011382164314623
	], 
[
		0.28355026945068, 
		0.8726779962499649, 
		1.2011382164314623
	], 
[
		0.4587939734903911, 
		1.4120226591665965, 
		0.28355026945067996
	], 
[
		-1.2011382164314623, 
		0.8726779962499649, 
		0.28355026945067996
	], 
[
		-1.2011382164314623, 
		-0.8726779962499649, 
		0.28355026945067996
	], 
[
		0.4587939734903911, 
		-1.4120226591665965, 
		0.28355026945067996
	], 
[
		1.4846884858821423, 
		0, 
		0.28355026945067996
	], 
[
		-0.3804226065180615, 
		1.170820393249937, 
		0.6155367074350507
	], 
[
		-1.2310734148701015, 
		0.0, 
		0.6155367074350507
	], 
[
		-0.3804226065180615, 
		-1.170820393249937, 
		0.6155367074350507
	], 
[
		0.9959593139531123, 
		-0.723606797749979, 
		0.6155367074350507
	], 
[
		0.9959593139531123, 
		0.723606797749979, 
		0.6155367074350507
	], 
[
		0.0, 
		0.0, 
		-1.3763819204711736
	], 
[
		0.742344242941071, 
		-0.5393446629166316, 
		-1.2011382164314623
	], 
[
		0.742344242941071, 
		0.5393446629166316, 
		-1.2011382164314623
	], 
[
		-0.28355026945067996, 
		0.8726779962499649, 
		-1.2011382164314623
	], 
[
		-0.9175879469807824, 
		0, 
		-1.2011382164314623
	], 
[
		-0.28355026945067996, 
		-0.8726779962499649, 
		-1.2011382164314623
	], 
[
		-0.4587939734903911, 
		-1.4120226591665965, 
		-0.28355026945067996
	], 
[
		1.2011382164314623, 
		-0.8726779962499649, 
		-0.28355026945067996
	], 
[
		1.2011382164314623, 
		0.8726779962499649, 
		-0.28355026945067996
	], 
[
		-0.4587939734903911, 
		1.4120226591665965, 
		-0.28355026945067996
	], 
[
		-1.4846884858821423, 
		0, 
		-0.28355026945067996
	], 
[
		0.38042260651806137, 
		-1.170820393249937, 
		-0.6155367074350507
	], 
[
		1.2310734148701012, 
		0.0, 
		-0.6155367074350507
	], 
[
		0.38042260651806137, 
		1.170820393249937, 
		-0.6155367074350507
	], 
[
		-0.9959593139531123, 
		0.723606797749979, 
		-0.6155367074350507
	], 
[
		-0.9959593139531123, 
		-0.723606797749979, 
		-0.6155367074350507
	]
], 
"inertiaTensor" : [
[
		0.8937754633809951, 
		0, 
		0
	], 
[
		0, 
		0.8937754633809951, 
		0
	], 
[
		0, 
		0, 
		0.8937754633809951
	]
], 
"mass" : 1, 
"iterations" : 200, 
"stoppingCondition" : 4, 
"gravity" : [
	0, 
	0, 
	-0.5
], 
"groundRestitution" : 0.4, 
"initialPos" : [
	0, 
	0, 
	10
], 
"maxLinearMomentum" : 2, 
"maxAngularMomentum" : 2}