{"vertices" : [
[
		-0.5, 
		-0.5, 
		-1.2071067811865475
	], 
[
		-0.5, 
		-0.5, 
		1.2071067811865475
	], 
[
		-0.5, 
		0.5, 
		-1.2071067811865475
	], 
[
		-0.5, 
		0.5, 
		1.2071067811865475
	], 
[
		-0.5, 
		-1.2071067811865475, 
		-0.5
	], 
[
		-0.5, 
		-1.2071067811865475, 
		0.5
	], 
[
		-0.5, 
		1.2071067811865475, 
		-0.5
	], 
[
		-0.5, 
		1.2071067811865475, 
		0.5
	], 
[
		0.5, 
		-0.5, 
		-1.2071067811865475
	], 
[
		0.5, 
		-0.5, 
		1.2071067811865475
	], 
[
		0.5, 
		0.5, 
		-1.2071067811865475
	], 
[
		0.5, 
		0.5, 
		1.2071067811865475
	], 
[
		0.5, 
		-1.2071067811865475, 
		-0.5
	], 
[
		0.5, 
		-1.2071067811865475, 
		0.5
	], 
[
		0.5, 
		1.2071067811865475, 
		-0.5
	], 
[
		0.5, 
		1.2071067811865475, 
		0.5
	], 
[
		-1.2071067811865475, 
		-0.5, 
		-0.5
	], 
[
		-1.2071067811865475, 
		-0.5, 
		0.5
	], 
[
		-1.2071067811865475, 
		0.5, 
		-0.5
	], 
[
		-1.2071067811865475, 
		0.5, 
		0.5
	], 
[
		1.2071067811865475, 
		-0.5, 
		-0.5
	], 
[
		1.2071067811865475, 
		-0.5, 
		0.5
	], 
[
		1.2071067811865475, 
		0.5, 
		-0.5
	], 
[
		1.2071067811865475, 
		0.5, 
		0.5
	]
], 
"faceCenters" : [
[
		0, 
		0, 
		-1.2071067811865475
	], 
[
		0, 
		0, 
		1.2071067811865475
	], 
[
		1.2071067811865475, 
		0, 
		0
	], 
[
		-1.2071067811865475, 
		0, 
		0
	], 
[
		0, 
		-1.2071067811865475, 
		0
	], 
[
		0, 
		1.2071067811865475, 
		0
	], 
[
		0.8535533905932737, 
		-0.8535533905932737, 
		0
	], 
[
		0.8535533905932737, 
		0.8535533905932737, 
		0
	], 
[
		-0.8535533905932737, 
		-0.8535533905932737, 
		0
	], 
[
		-0.8535533905932737, 
		0.8535533905932737, 
		0
	], 
[
		0, 
		-0.8535533905932737, 
		0.8535533905932737
	], 
[
		0, 
		0.8535533905932737, 
		0.8535533905932737
	], 
[
		0.8535533905932737, 
		0, 
		0.8535533905932737
	], 
[
		-0.8535533905932737, 
		0, 
		0.8535533905932737
	], 
[
		0, 
		-0.8535533905932737, 
		-0.8535533905932737
	], 
[
		0, 
		0.8535533905932737, 
		-0.8535533905932737
	], 
[
		0.8535533905932737, 
		0, 
		-0.8535533905932737
	], 
[
		-0.8535533905932737, 
		0, 
		-0.8535533905932737
	], 
[
		0.7357022603955158, 
		-0.7357022603955158, 
		0.7357022603955158
	], 
[
		0.7357022603955158, 
		0.7357022603955158, 
		0.7357022603955158
	], 
[
		-0.7357022603955158, 
		-0.7357022603955158, 
		0.7357022603955158
	], 
[
		-0.7357022603955158, 
		0.7357022603955158, 
		0.7357022603955158
	], 
[
		0.7357022603955158, 
		-0.7357022603955158, 
		-0.7357022603955158
	], 
[
		0.7357022603955158, 
		0.7357022603955158, 
		-0.7357022603955158
	], 
[
		-0.7357022603955158, 
		-0.7357022603955158, 
		-0.7357022603955158
	], 
[
		-0.7357022603955158, 
		0.7357022603955158, 
		-0.7357022603955158
	]
], 
"inertiaTensor" : [
[
		0.6551378577857593, 
		0, 
		0
	], 
[
		0, 
		0.6551378577857593, 
		0
	], 
[
		0, 
		0, 
		0.6551378577857593
	]
], 
"mass" : 1, 
"iterations" : 200, 
"stoppingCondition" : 4, 
"gravity" : [
	0, 
	0, 
	-0.5
], 
"groundRestitution" : 0.4, 
"initialPos" : [
	0, 
	0, 
	10
], 
"maxLinearMomentum" : 2, 
"maxAngularMomentum" : 2}