{"vertices" : [
[
		-1.1426135089259621, 
		-0.33775397381375244, 
		-0.6212264105565853
	], 
[
		-1.1426135089259621, 
		0.33775397381375233, 
		0.6212264105565853
	], 
[
		-1.1426135089259621, 
		-0.6212264105565853, 
		0.33775397381375233
	], 
[
		-1.1426135089259621, 
		0.6212264105565853, 
		-0.33775397381375244
	], 
[
		1.142613508925962, 
		-0.33775397381375244, 
		0.6212264105565853
	], 
[
		1.142613508925962, 
		0.33775397381375233, 
		-0.6212264105565853
	], 
[
		1.142613508925962, 
		-0.6212264105565853, 
		-0.33775397381375244
	], 
[
		1.142613508925962, 
		0.6212264105565853, 
		0.33775397381375233
	], 
[
		-0.33775397381375244, 
		-1.1426135089259621, 
		0.6212264105565853
	], 
[
		-0.33775397381375244, 
		1.142613508925962, 
		-0.6212264105565853
	], 
[
		-0.33775397381375244, 
		-0.6212264105565853, 
		-1.1426135089259621
	], 
[
		-0.33775397381375244, 
		0.6212264105565853, 
		1.142613508925962
	], 
[
		0.33775397381375233, 
		-1.1426135089259621, 
		-0.6212264105565853
	], 
[
		0.33775397381375233, 
		1.142613508925962, 
		0.6212264105565853
	], 
[
		0.33775397381375233, 
		-0.6212264105565853, 
		1.142613508925962
	], 
[
		0.33775397381375233, 
		0.6212264105565853, 
		-1.1426135089259621
	], 
[
		-0.6212264105565853, 
		-1.1426135089259621, 
		-0.33775397381375244
	], 
[
		-0.6212264105565853, 
		1.142613508925962, 
		0.33775397381375233
	], 
[
		-0.6212264105565853, 
		-0.33775397381375244, 
		1.142613508925962
	], 
[
		-0.6212264105565853, 
		0.33775397381375233, 
		-1.1426135089259621
	], 
[
		0.6212264105565853, 
		-1.1426135089259621, 
		0.33775397381375233
	], 
[
		0.6212264105565853, 
		1.142613508925962, 
		-0.33775397381375244
	], 
[
		0.6212264105565853, 
		-0.33775397381375244, 
		-1.1426135089259621
	], 
[
		0.6212264105565853, 
		0.33775397381375233, 
		1.142613508925962
	]
], 
"faceCenters" : [
[
		-0.9688178094695031, 
		-0.7005312977654332, 
		-0.20707547018552847
	], 
[
		-0.7005312977654332, 
		-0.9688178094695031, 
		0.2070754701855284
	], 
[
		-0.9688178094695031, 
		-0.20707547018552847, 
		0.7005312977654331
	], 
[
		-0.7005312977654332, 
		-0.7005312977654332, 
		0.7005312977654331
	], 
[
		-0.9688178094695031, 
		0.2070754701855284, 
		-0.7005312977654332
	], 
[
		-0.7005312977654332, 
		-0.20707547018552847, 
		-0.9688178094695031
	], 
[
		-0.7005312977654332, 
		-0.7005312977654332, 
		-0.7005312977654332
	], 
[
		-0.7005312977654332, 
		0.2070754701855284, 
		0.968817809469503
	], 
[
		-0.9688178094695031, 
		0.7005312977654331, 
		0.2070754701855284
	], 
[
		-0.7005312977654332, 
		0.7005312977654331, 
		0.7005312977654331
	], 
[
		-0.7005312977654332, 
		0.968817809469503, 
		-0.20707547018552847
	], 
[
		-0.7005312977654332, 
		0.7005312977654331, 
		-0.7005312977654332
	], 
[
		-0.20707547018552847, 
		-0.9688178094695031, 
		-0.7005312977654332
	], 
[
		-0.20707547018552847, 
		-0.7005312977654332, 
		0.968817809469503
	], 
[
		-0.20707547018552847, 
		0.968817809469503, 
		0.7005312977654331
	], 
[
		-0.20707547018552847, 
		0.7005312977654331, 
		-0.9688178094695031
	], 
[
		0.2070754701855284, 
		-0.9688178094695031, 
		0.7005312977654331
	], 
[
		0.2070754701855284, 
		-0.7005312977654332, 
		-0.9688178094695031
	], 
[
		0.2070754701855284, 
		0.7005312977654331, 
		0.968817809469503
	], 
[
		0.2070754701855284, 
		0.968817809469503, 
		-0.7005312977654332
	], 
[
		0.7005312977654331, 
		-0.7005312977654332, 
		-0.7005312977654332
	], 
[
		0.7005312977654331, 
		-0.9688178094695031, 
		-0.20707547018552847
	], 
[
		0.7005312977654331, 
		-0.7005312977654332, 
		0.7005312977654331
	], 
[
		0.7005312977654331, 
		-0.20707547018552847, 
		0.968817809469503
	], 
[
		0.7005312977654331, 
		0.7005312977654331, 
		-0.7005312977654332
	], 
[
		0.7005312977654331, 
		0.2070754701855284, 
		-0.9688178094695031
	], 
[
		0.7005312977654331, 
		0.7005312977654331, 
		0.7005312977654331
	], 
[
		0.7005312977654331, 
		0.968817809469503, 
		0.2070754701855284
	], 
[
		0.968817809469503, 
		-0.7005312977654332, 
		0.2070754701855284
	], 
[
		0.968817809469503, 
		-0.20707547018552847, 
		-0.7005312977654332
	], 
[
		0.968817809469503, 
		0.2070754701855284, 
		0.7005312977654331
	], 
[
		0.968817809469503, 
		0.7005312977654331, 
		-0.20707547018552847
	], 
[
		-1.1426135089259621, 
		-2.7755575615628914e-17, 
		-2.7755575615628914e-17
	], 
[
		-2.7755575615628914e-17, 
		-1.1426135089259621, 
		-2.7755575615628914e-17
	], 
[
		-2.7755575615628914e-17, 
		-2.7755575615628914e-17, 
		1.142613508925962
	], 
[
		-2.7755575615628914e-17, 
		1.142613508925962, 
		-2.7755575615628914e-17
	], 
[
		-2.7755575615628914e-17, 
		-2.7755575615628914e-17, 
		-1.1426135089259621
	], 
[
		1.142613508925962, 
		-2.7755575615628914e-17, 
		-2.7755575615628914e-17
	]
], 
"inertiaTensor" : [
[
		0.6125710837797572, 
		0, 
		0
	], 
[
		0, 
		0.6125710837797572, 
		0
	], 
[
		0, 
		0, 
		0.6125710837797572
	]
], 
"mass" : 1, 
"iterations" : 200, 
"stoppingCondition" : 4, 
"gravity" : [
	0, 
	0, 
	-0.5
], 
"groundRestitution" : 0.4, 
"initialPos" : [
	0, 
	0, 
	10
], 
"maxLinearMomentum" : 2, 
"maxAngularMomentum" : 2}