{"vertices" : [
[
		-0.5, 
		1.2071067811865475, 
		1.2071067811865475
	], 
[
		-0.5, 
		1.2071067811865475, 
		-1.2071067811865472
	], 
[
		-0.5, 
		-1.2071067811865472, 
		1.2071067811865475
	], 
[
		-0.5, 
		-1.2071067811865472, 
		-1.2071067811865472
	], 
[
		0.5, 
		1.2071067811865475, 
		1.2071067811865475
	], 
[
		0.5, 
		1.2071067811865475, 
		-1.2071067811865472
	], 
[
		0.5, 
		-1.2071067811865472, 
		1.2071067811865475
	], 
[
		0.5, 
		-1.2071067811865472, 
		-1.2071067811865472
	], 
[
		1.2071067811865475, 
		-0.5, 
		1.2071067811865475
	], 
[
		1.2071067811865475, 
		-0.5, 
		-1.2071067811865472
	], 
[
		1.2071067811865475, 
		0.5, 
		1.2071067811865475
	], 
[
		1.2071067811865475, 
		0.5, 
		-1.2071067811865472
	], 
[
		1.2071067811865475, 
		1.2071067811865475, 
		-0.5
	], 
[
		1.2071067811865475, 
		1.2071067811865475, 
		0.5
	], 
[
		1.2071067811865475, 
		-1.2071067811865472, 
		-0.5
	], 
[
		1.2071067811865475, 
		-1.2071067811865472, 
		0.5
	], 
[
		-1.2071067811865472, 
		-0.5, 
		1.2071067811865475
	], 
[
		-1.2071067811865472, 
		-0.5, 
		-1.2071067811865472
	], 
[
		-1.2071067811865472, 
		0.5, 
		1.2071067811865475
	], 
[
		-1.2071067811865472, 
		0.5, 
		-1.2071067811865472
	], 
[
		-1.2071067811865472, 
		1.2071067811865475, 
		-0.5
	], 
[
		-1.2071067811865472, 
		1.2071067811865475, 
		0.5
	], 
[
		-1.2071067811865472, 
		-1.2071067811865472, 
		-0.5
	], 
[
		-1.2071067811865472, 
		-1.2071067811865472, 
		0.5
	]
], 
"faceCenters" : [
[
		5.551115123125783e-17, 
		5.551115123125783e-17, 
		-1.2071067811865472
	], 
[
		5.551115123125783e-17, 
		5.551115123125783e-17, 
		1.2071067811865475
	], 
[
		5.551115123125783e-17, 
		-1.2071067811865472, 
		5.551115123125783e-17
	], 
[
		5.551115123125783e-17, 
		1.2071067811865475, 
		5.551115123125783e-17
	], 
[
		1.2071067811865475, 
		5.551115123125783e-17, 
		5.551115123125783e-17
	], 
[
		-1.2071067811865472, 
		5.551115123125783e-17, 
		5.551115123125783e-17
	], 
[
		0.9714045207910316, 
		-0.9714045207910315, 
		0.9714045207910316
	], 
[
		0.9714045207910316, 
		0.9714045207910316, 
		0.9714045207910316
	], 
[
		-0.9714045207910315, 
		-0.9714045207910315, 
		0.9714045207910316
	], 
[
		-0.9714045207910315, 
		0.9714045207910316, 
		0.9714045207910316
	], 
[
		0.9714045207910316, 
		-0.9714045207910315, 
		-0.9714045207910315
	], 
[
		0.9714045207910316, 
		0.9714045207910316, 
		-0.9714045207910315
	], 
[
		-0.9714045207910315, 
		-0.9714045207910315, 
		-0.9714045207910315
	], 
[
		-0.9714045207910315, 
		0.9714045207910316, 
		-0.9714045207910315
	]
], 
"inertiaTensor" : [
[
		0.9301814053172583, 
		0, 
		0
	], 
[
		0, 
		0.9301814053172583, 
		0
	], 
[
		0, 
		0, 
		0.9301814053172583
	]
], 
"mass" : 1, 
"iterations" : 200, 
"stoppingCondition" : 4, 
"gravity" : [
	0, 
	0, 
	-0.5
], 
"groundRestitution" : 0.4, 
"initialPos" : [
	0, 
	0, 
	10
], 
"maxLinearMomentum" : 2, 
"maxAngularMomentum" : 2}