{"vertices" : [
[
		0, 
		-1, 
		-0.6123724356957945
	], 
[
		0, 
		1, 
		-0.6123724356957945
	], 
[
		-0.5773502691896258, 
		-1, 
		0.20412414523193154
	], 
[
		-0.5773502691896258, 
		1, 
		0.20412414523193154
	], 
[
		-0.2886751345948129, 
		-0.5, 
		1.0206207261596576
	], 
[
		-0.2886751345948129, 
		0.5, 
		1.0206207261596576
	], 
[
		0.5773502691896258, 
		0, 
		1.0206207261596576
	], 
[
		1.1547005383792517, 
		0, 
		0.20412414523193154
	], 
[
		-0.8660254037844386, 
		-0.5, 
		-0.6123724356957945
	], 
[
		-0.8660254037844386, 
		0.5, 
		-0.6123724356957945
	], 
[
		0.8660254037844386, 
		-0.5, 
		-0.6123724356957945
	], 
[
		0.8660254037844386, 
		0.5, 
		-0.6123724356957945
	]
], 
"faceCenters" : [
[
		0.9622504486493764, 
		0, 
		-0.3402069087198858
	], 
[
		-0.4811252243246882, 
		-0.8333333333333334, 
		-0.3402069087198858
	], 
[
		-0.4811252243246882, 
		0.8333333333333334, 
		-0.3402069087198858
	], 
[
		0, 
		0, 
		1.0206207261596576
	], 
[
		0.2886751345948129, 
		-0.5, 
		0.20412414523193148
	], 
[
		0.2886751345948129, 
		0.5, 
		0.20412414523193148
	], 
[
		-0.5773502691896258, 
		0, 
		0.20412414523193148
	], 
[
		0, 
		0, 
		-0.6123724356957945
	]
], 
"inertiaTensor" : [
[
		0.3456521739130435, 
		0, 
		0
	], 
[
		0, 
		0.3456521739130435, 
		0
	], 
[
		0, 
		0, 
		0.3456521739130435
	]
], 
"mass" : 1, 
"iterations" : 200, 
"stoppingCondition" : 4, 
"gravity" : [
	0, 
	0, 
	-0.5
], 
"groundRestitution" : 0.4, 
"initialPos" : [
	0, 
	0, 
	10
], 
"maxLinearMomentum" : 2, 
"maxAngularMomentum" : 2}