{"vertices" : [
[
		-1.5, 
		-0.5, 
		0
	], 
[
		-1.5, 
		0.5, 
		0
	], 
[
		-1, 
		-1, 
		-0.7071067811865475
	], 
[
		-1, 
		-1, 
		0.7071067811865475
	], 
[
		-1, 
		1, 
		-0.7071067811865475
	], 
[
		-1, 
		1, 
		0.7071067811865475
	], 
[
		-0.5, 
		-1.5, 
		0
	], 
[
		-0.5, 
		-0.5, 
		-1.4142135623730951
	], 
[
		-0.5, 
		-0.5, 
		1.4142135623730951
	], 
[
		-0.5, 
		0.5, 
		-1.4142135623730951
	], 
[
		-0.5, 
		0.5, 
		1.4142135623730951
	], 
[
		-0.5, 
		1.5, 
		0
	], 
[
		0.5, 
		-1.5, 
		0
	], 
[
		0.5, 
		-0.5, 
		-1.4142135623730951
	], 
[
		0.5, 
		-0.5, 
		1.4142135623730951
	], 
[
		0.5, 
		0.5, 
		-1.4142135623730951
	], 
[
		0.5, 
		0.5, 
		1.4142135623730951
	], 
[
		0.5, 
		1.5, 
		0
	], 
[
		1, 
		-1, 
		-0.7071067811865475
	], 
[
		1, 
		-1, 
		0.7071067811865475
	], 
[
		1, 
		1, 
		-0.7071067811865475
	], 
[
		1, 
		1, 
		0.7071067811865475
	], 
[
		1.5, 
		-0.5, 
		0
	], 
[
		1.5, 
		0.5, 
		0
	]
], 
"faceCenters" : [
[
		0, 
		0, 
		1.4142135623730951
	], 
[
		0, 
		0, 
		-1.4142135623730951
	], 
[
		1, 
		1, 
		0
	], 
[
		-1, 
		1, 
		0
	], 
[
		1, 
		-1, 
		0
	], 
[
		-1, 
		-1, 
		0
	], 
[
		0, 
		-1, 
		-0.7071067811865475
	], 
[
		0, 
		-1, 
		0.7071067811865475
	], 
[
		0, 
		1, 
		-0.7071067811865475
	], 
[
		0, 
		1, 
		0.7071067811865475
	], 
[
		1, 
		0, 
		0.7071067811865475
	], 
[
		1, 
		0, 
		-0.7071067811865475
	], 
[
		-1, 
		0, 
		0.7071067811865475
	], 
[
		-1, 
		0, 
		-0.7071067811865475
	]
], 
"inertiaTensor" : [
[
		0.7916666666666666, 
		0, 
		0
	], 
[
		0, 
		0.7916666666666666, 
		0
	], 
[
		0, 
		0, 
		0.7916666666666666
	]
], 
"mass" : 1, 
"iterations" : 200, 
"stoppingCondition" : 4, 
"gravity" : [
	0, 
	0, 
	-0.5
], 
"groundRestitution" : 0.4, 
"initialPos" : [
	0, 
	0, 
	10
], 
"maxLinearMomentum" : 2, 
"maxAngularMomentum" : 2}